"Health Facility Code","Health Facility Code Short","Facility Name","Old Health Facility Name 1","Old Health Facility Name 2","Old Health Facility Name 3","Facility Major Type","Health Facility Type","Ownership Major Classification","Ownership Sub-Classification for Government facilities","Ownership Sub-Classification for private facilities","Street Name and #","Building name and #","Region Name","Region PSGC","Province Name","Province PSGC","City/Municipality Name","City/Municipality PSGC","Barangay Name","Barangay PSGC","Zip Code","Landline Number","Landline Number 2","Fax Number","Email Address","Alternate Email Address","Official Website","Service Capability","Bed Capacity","Licensing Status","License Validity Date"
"DOH000000000005026","5026","A. ZARATE GENERAL HOSPITAL","","","","Health Facility","Hospital","Private","","","ATLAS COMPOUND NAGA ROAD","","NATIONAL CAPITAL REGION (NCR)","130000000","NCR, FOURTH DISTRICT (NOT A PROVINCE)","137600000","CITY OF LAS PI?AS","138020000","PULANG LUPA DOS","1380200016","","+63 028746903","+63 028724827","+63 028724827","azarategeneralhospital@gmail.com","azarategeneralhospital91@gmail.com","","Level 1","17","<b>Licensing Status:</b><br><span class=' btn-success'>With License</span>","12/31/2023"
"DOH000000000004706","4706","ACEBEDO GENERAL HOSPITAL","","","","Health Facility","Hospital","Private","","","849 GEN. LUIS STREET, BAGBAGUIN","","NATIONAL CAPITAL REGION (NCR)","1300000000","NCR, THIRD DISTRICT (NOT A PROVINCE)","1375000000","CITY OF CALOOCAN","1380100000","BARANGAY 175","1380100175","","+63 029835363","+63 024001272","+63 029835363","acebedogenhospital@yahoo.com","","","Level 1","16","<b>Licensing Status:</b><br><span class=' btn-success'>With License</span>","12/31/2023"
"DOH000000000006034","6034","ADVENTIST MEDICAL CENTER MANILA","ADVENTIST MEDICAL CENTER, INC.","MANILA SANITARIUM HOSPITAL","MANILA ADVENTIST MEDICAL CENTER AND COLLEGES, INC.","Health Facility","Hospital","Private","","","1975 DONADA STREET","","NATIONAL CAPITAL REGION (NCR)","1300000000","NCR, FOURTH DISTRICT (NOT A PROVINCE)","1376000000","PASAY CITY","1381100000","BARANGAY 35","1381100035","1300","+63 025259191","","+63 025243256","info@amcmanila.org","","","Level 3","150","<b>Licensing Status:</b><br><span class=' btn-success'>With License</span>",""
"DOH000000000002244","2244","AIR FORCE GENERAL HOSPITAL","","","","Health Facility","Hospital","Government","Department of National Defense","","COL. JESUS VILLAMOR AIR BASE","","NATIONAL CAPITAL REGION (NCR)","1300000000","NCR, FOURTH DISTRICT (NOT A PROVINCE)","1376000000","PASAY CITY","1381100000","BARANGAY 183","1381100183","1309","+63 0288546701","+63 0288535056","+63 028546701","afghopns@yahoo.com","","","Level 2","100","<b>Licensing Status:</b><br><span class=' btn-success'>With License</span>",""
"DOH000000000000403","403","ALABANG MEDICAL CENTER","","","","Health Facility","Hospital","Private","","","ALABANG-ZAPOTE ROAD","","NATIONAL CAPITAL REGION (NCR)","130000000","NCR, FOURTH DISTRICT (NOT A PROVINCE)","137600000","CITY OF MUNTINLUPA","138080000","ALABANG","1380800001","","+63 028078189","","+63 0288078189","alabangmedcenter@gmail.com","","","Level 1","18","<b>Licensing Status:</b><br><span class=' btn-success'>With License</span>","12/31/2023"
"DOH000000000004702","4702","ALABANG MEDICAL CLINIC","","","","Health Facility","Hospital","Private","","","297 T. MONTILLANO STREET","","NATIONAL CAPITAL REGION (NCR)","1300000000","NCR, FOURTH DISTRICT (NOT A PROVINCE)","1376000000","CITY OF MUNTINLUPA","1380800000","ALABANG","1380800001","","+63 0288420680","+63 028421639","+63 0288420680","fmontillano@yahoo.com","","","Level 1","18","<b>Licensing Status:</b><br><span class=' btn-success'>With License</span>","12/31/2022"
"DOH000000000004395","4395","ALABANG MEDICAL CLINIC - LAS PIÑAS BRANCH","","","","Health Facility","Hospital","Private","","","ALABANG-ZAPOTE RD. COR. MENDOZA ST. PELAYO VILLAGE","","NATIONAL CAPITAL REGION (NCR)","130000000","NCR, FOURTH DISTRICT (NOT A PROVINCE)","137600000","CITY OF LAS PI?AS","138020000","TALON UNO","1380200008","","+63 028742506","+63 028736464","+63 028731288","amc.talon@yahoo.com","","","Level 1","18","<b>Licensing Status:</b><br><span class=' btn-success'>With License</span>","12/31/2023"
"DOH000000000007497","7497","ALABANG MEDICAL CLINIC - MUNTINLUPA BRANCH","","","","Health Facility","Hospital","Private","","","1 NATIONAL ROAD","","NATIONAL CAPITAL REGION (NCR)","130000000","NCR, FOURTH DISTRICT (NOT A PROVINCE)","137600000","CITY OF MUNTINLUPA","138080000","PUTATAN","1380800006","","+63 0288421723","+63 0288611187","+63 028611187","amc.munti@yahoo.com","","","Level 1","25","<b>Licensing Status:</b><br><span class=' btn-success'>With License</span>","12/31/2023"
"DOH000000000003039","3039","ALFONSO SPECIALIST HOSPITAL","","","","Health Facility","Hospital","Private","","","185 DR. SIXTO ANTONIO AVENUE","","NATIONAL CAPITAL REGION (NCR)","130000000","NCR, SECOND DISTRICT (NOT A PROVINCE)","137400000","CITY OF PASIG","138120000","ROSARIO","1381200017","","+63 025711285","+63 026412756","+63 026433405","alfonsospecialist_hospital@yahoo.com","","","Level 1","22","<b>Licensing Status:</b><br><span class=' btn-success'>With License</span>","12/31/2023"
"DOH000000000037036","37036","ALLIED CARE EXPERTS (ACE) MEDICAL CENTER - PATEROS, INC.","","","","Health Facility","Hospital","Private","","","884 P. HERRERA STREET","","NATIONAL CAPITAL REGION (NCR)","1300000000","NCR, FOURTH DISTRICT (NOT A PROVINCE)","1376000000","PATEROS","1381701000","AGUHO","1381701001","1620","+63 028788677","+63 027069398","","acemcpateros@gmail.com","","","Level 2","58","<b>Licensing Status:</b><br><span class=' btn-success'>With License</span>",""
"DOH000000000037012","37012","ALLIED CARE EXPERTS (ACE) MEDICAL CENTER - QUEZON CITY, INC.","","","","Health Facility","Hospital","Private","","","NO. 20 SEMINARY ROAD","ACE MEDICAL CENTER QUEZON CITY BUILDING","NATIONAL CAPITAL REGION (NCR)","1300000000","NCR, SECOND DISTRICT (NOT A PROVINCE)","1374000000","QUEZON CITY","1381300000","BAHAY TORO","1381300012","1106","+63 023250725","+63 022833993","+63 022834003","acemcquezoncity@gmail.com","acemcquezoncity2@gmail.com","","Level 2","100","<b>Licensing Status:</b><br><span class=' btn-success'>With License</span>",""
"DOH000000000032019","32019","ALLIED CARE EXPERTS (ACE) MEDICAL CENTER VALENZUELA, INC.","ALLIED CARED EXPERTS MEDICAL CENTER-VALENZUELA","","","Health Facility","Hospital","Private","","","548 MA ARTHUR HIGHWAY","","NATIONAL CAPITAL REGION (NCR)","1300000000","NCR, THIRD DISTRICT (NOT A PROVINCE)","1375000000","CITY OF VALENZUELA","1381600000","MALANDAY","1381600016","1208","+63 023660000","","+63 023320531","acemc_valenzuela@yahoo.com","","","Level 2","102","<b>Licensing Status:</b><br><span class=' btn-success'>With License</span>",""
"DOH000000000003872","3872","AMANG RODRIGUEZ MEMORIAL MEDICAL CENTER","","","","Health Facility","Hospital","Government","Department Of Health","","SUMULONG HIGHWAY","","NATIONAL CAPITAL REGION (NCR)","1300000000","NCR, SECOND DISTRICT (NOT A PROVINCE)","1374000000","CITY OF MARIKINA","1380700000","SANTO NI?O","1380700010","","+63 029420245","","","amangrod@yahoo.com","","","Level 3","150","<b>Licensing Status:</b><br><span class=' btn-success'>With License</span>",""
"DOH000000000004489","4489","ARMY GENERAL HOSPITAL","FORT BONIFACIO GENERAL HOSPITAL","","","Health Facility","Hospital","Government","Department of National Defense","","","","NATIONAL CAPITAL REGION (NCR)","130000000","NCR, FOURTH DISTRICT (NOT A PROVINCE)","137600000","CITY OF TAGUIG","138150000","FORT BONIFACIO","1381500020","1630","+63 0288459555","","+63 0288459555","aghoperations@gmail.com","","","Level 1","200","<b>Licensing Status:</b><br><span class=' btn-success'>With License</span>","12/31/2023"
"DOH000000000000410","410","ASIAN HOSPITAL INC.","ASIAN HOSPITAL AND MEDICAL CENTER","","","Health Facility","Hospital","Private","","","2205 CIVIC DRIVE, FILINVEST CORPORATE CITY","","NATIONAL CAPITAL REGION (NCR)","1300000000","NCR, FOURTH DISTRICT (NOT A PROVINCE)","1376000000","CITY OF MUNTINLUPA","1380800000","ALABANG","1380800001","","+63 027719000","","+63 028765710","info@asianhospital.com","","","Level 3","296","<b>Licensing Status:</b><br><span class=' btn-success'>With License</span>",""
"DOH000000000000429","429","BERMUDEZ POLYMEDIC HOSPITAL, INC.","BERMUDEZ POLYCLINIC HOSPITAL, INC","","","Health Facility","Hospital","Private","","","391 MALARIA ROAD, ZONE 6 DISTRICT 1 TALA","","NATIONAL CAPITAL REGION (NCR)","1300000000","NCR, THIRD DISTRICT (NOT A PROVINCE)","1375000000","CITY OF CALOOCAN","1380100000","BARANGAY 185","1380100185","140","+63 029613229","8961-3229","","bermudezhospital@yahoo.com.ph","","","Level 1","20","<b>Licensing Status:</b><br><span class=' btn-success'>With License</span>","12/31/2023"
"DOH000000000005521","5521","BERNARDINO GENERAL HOSPITAL I","BERNARDINO GENERAL HOSPITAL CORPORATION I","","","Health Facility","Hospital","Private","","","680 QUIRINO HIGHWAY","","NATIONAL CAPITAL REGION (NCR)","1300000000","NCR, SECOND DISTRICT (NOT A PROVINCE)","1374000000","QUEZON CITY","1381300000","SAN BARTOLOME","1381300097","1116","+63 029379183","+63 029355266","+63 029398050","bghcorpone@yahoo.com","shiella_b@yahoo.com","","Level 2","80","<b>Licensing Status:</b><br><span class=' btn-success'>With License</span>",""
"DOH000000000000430","430","BERNARDINO GENERAL HOSPITAL II","","","","Health Facility","Hospital","Private","","","BLOCK 1, LOT 2, NORTH OLYMPUS SUBDIVISION, ZABARTE ROAD","","NATIONAL CAPITAL REGION (NCR)","130000000","NCR, SECOND DISTRICT (NOT A PROVINCE)","137400000","QUEZON CITY","138130000","KALIGAYAHAN","1381300046","","89610328","+63 0289398050","+63 029371180","admbgh2@gmail.com","","","Level 1","35","<b>Licensing Status:</b><br><span class=' btn-success'>With License</span>","12/31/2023"
"DOH000000000003765","3765","CALALANG GENERAL HOSPITAL","","","","Health Facility","Hospital","Private","","","4TH STREET MCARTHUR HIGHWAY","","NATIONAL CAPITAL REGION (NCR)","130000000","NCR, THIRD DISTRICT (NOT A PROVINCE)","137500000","CITY OF VALENZUELA","138160000","MARULAS","1381600019","","+63 022916802","+63 022917113","+63 022917113","calalanghospital@yahoo.com","calalangcalalang2016@gmail.com","","Level 1","24","<b>Licensing Status:</b><br><span class=' btn-success'>With License</span>","12/31/2023"
"DOH000000000000719","719","CALOOCAN CITY MEDICAL CENTER","PRES. DIOSDADO MACAPAGAL MEMORIAL MEDICAL CENTER","","","Health Facility","Hospital","Government","Local Government Unit","","450 A.MABINI STREET","","NATIONAL CAPITAL REGION (NCR)","1300000000","NCR, THIRD DISTRICT (NOT A PROVINCE)","1375000000","CITY OF CALOOCAN","1380100000","BARANGAY 15","1380100015","","5318-3100","+63 0253107922","+63 023536995","ccmc.2013@yahoo.com","","","Level 1","82","<b>Licensing Status:</b><br><span class=' btn-success'>With License</span>","12/31/2023"
"DOH000000000045845","45845","CAMARIN DOCTORS HOSPITAL","","","","Health Facility","Hospital","Private","","Corporation","NO. 1, CAMARIN ROAD","","NATIONAL CAPITAL REGION (NCR)","1300000000","NCR, THIRD DISTRICT (NOT A PROVINCE)","1375000000","CITY OF CALOOCAN","1380100000","BARANGAY 172","1380100172","1422","+63 82605952","","","info@camarindoctorshospital.ph","","","Level 2","105","<b>Licensing Status:</b><br><span class=' btn-success'>With License</span>","12/31/2022"
"DOH000000000004515","4515","CAPITOL MEDICAL CENTER, INC.","","","","Health Facility","Hospital","Private","","","SCOUT MAGBANUA CORNER PANAY AVENUE","","NATIONAL CAPITAL REGION (NCR)","1300000000","NCR, SECOND DISTRICT (NOT A PROVINCE)","1374000000","QUEZON CITY","1381300000","PALIGSAHAN","1381300075","","+63 023723825","+63 029387789","+63 024114320","admin_officer@capitomedical.org","","","Level 3","300","<b>Licensing Status:</b><br><span class=' btn-success'>With License</span>",""
"DOH000000000001919","1919","CARDINAL SANTOS MEDICAL CENTER","","","","Health Facility","Hospital","Private","","","10 WILSON STREET","","NATIONAL CAPITAL REGION (NCR)","1300000000","NCR, SECOND DISTRICT (NOT A PROVINCE)","1374000000","CITY OF SAN JUAN","1381400000","GREENHILLS","1381400021","1500","+63 027250001","","+63 027270050","medicalaffairsdivision@yahoo.com","mflores@csmc.ph","","Level 3","245","<b>Licensing Status:</b><br><span class=' btn-success'>With License</span>",""
"DOH000000000000446","446","CHINESE GENERAL HOSPITAL AND MEDICAL CENTER","","","","Health Facility","Hospital","Private","","","286 BLUMENTRITT STREET","","NATIONAL CAPITAL REGION (NCR)","1300000000","NCR, CITY OF MANILA, FIRST DISTRICT (NOT A PROVINCE)","1380600000","SANTA CRUZ","1380605000","BARANGAY 372","1380605075","1003","+63 027114141","+63 027114151","+63 027318252","cghmedicaldirector@yahoo.com","chgmedicaldirector@cghmc.com.ph","","Level 3","592","<b>Licensing Status:</b><br><span class=' btn-success'>With License</span>",""
"DOH000000000000447","447","CHRIST THE KING MEDICAL CENTER UNIHEALTH LAS PIÑAS, INC.","CHRIST THE KING GENERAL HOSPITAL","CHRIST THE KING MATERNITY &amp; LYING-IN HOSP., INC","","Health Facility","Hospital","Private","","","130 REAL STREET","","NATIONAL CAPITAL REGION (NCR)","1300000000","NCR, FOURTH DISTRICT (NOT A PROVINCE)","1376000000","CITY OF LAS PI?AS","1380200000","PAMPLONA UNO","1380200006","","8815880","+63 028735549","+63 028724279","christthekingmedicalcenter@gmail.com","","","Level 2","30","<b>Licensing Status:</b><br><span class=' btn-success'>With License</span>","12/31/2022"
"DOH000000000023752","23752","COMMONWEALTH HOSPITAL AND MEDICAL CENTER","","","","Health Facility","Hospital","Private","","","LOT 3 AND 4, BLK. 3 NEOPOLITAN BUSINESS PARK, REGALADO HIGHWAY","","NATIONAL CAPITAL REGION (NCR)","1300000000","NCR, SECOND DISTRICT (NOT A PROVINCE)","1374000000","QUEZON CITY","1381300000","GREATER LAGRO","1381300141","1118","+63 029300000","","","chmc.ph@gmail.com","","www.chmc.ph","Level 2","148","<b>Licensing Status:</b><br><span class=' btn-success'>With License</span>",""
"DOH000000000003264","3264","CRUZ-RABE MATERNITY AND GENERAL HOSPITAL","","","","Health Facility","Hospital","Private","","","37 GENERAL LUNA STREET","","NATIONAL CAPITAL REGION (NCR)","130000000","NCR, FOURTH DISTRICT (NOT A PROVINCE)","137600000","CITY OF TAGUIG","138150000","TUKTUKAN","1381500014","","86423433","+63 0286420747","+63 026420747","cruzrabe@gmail.com","","","Level 1","25","<b>Licensing Status:</b><br><span class=' btn-success'>With License</span>","12/31/2023"
"DOH000000000003873","3873","CURE AND CARE MATERNITY HOSPITAL OPC","AMISOLA MATERNITY HOSPITAL","AMISOLA MATERNITY AND CHILDRENS HOSPITAL","","Health Facility","Hospital","Private","","","1068 HERMOSA STREET., MANUGUIT","","NATIONAL CAPITAL REGION (NCR)","130000000","NCR, CITY OF MANILA, FIRST DISTRICT (NOT A PROVINCE)","138060000","TONDO I/II","138060100","BARANGAY 202","1380601202","1013","8252-3335","+63 022564021","+63 022516742","amisolamaternityhospital94@yahoo.com","","","Level 1","18","<b>Licensing Status:</b><br><span class=' btn-success'>With License</span>","12/31/2023"
"DOH000000000003191","3191","DE LOS SANTOS MEDICAL CENTER","DELOS SANTOS - STI MEDICAL CENTER","","","Health Facility","Hospital","Private","","","201 E. RODRIGUEZ SR. BOULEVARD","","NATIONAL CAPITAL REGION (NCR)","1300000000","NCR, SECOND DISTRICT (NOT A PROVINCE)","1374000000","QUEZON CITY","1381300000","KALUSUGAN","1381300047","","+63 027230041","+63 028935762","","kmmendez@dlsmc.ph","mdo@dlsmc.ph","","Level 3","150","<b>Licensing Status:</b><br><span class=' btn-success'>With License</span>",""
"DOH000000000000469","469","DE OCAMPO MEMORIAL MEDICAL CENTER","","","","Health Facility","Hospital","Private","","","2921 NAGTAHAN STREET SANTA MESA","","NATIONAL CAPITAL REGION (NCR)","1300000000","NCR, CITY OF MANILA, FIRST DISTRICT (NOT A PROVINCE)","1380600000","SAMPALOC","1380606000","BARANGAY 628","1380606235","","+63 027151891","+63 027151892","+63 027150967","deocampomemorialcollege@ymail.com","","","Level 1","20","<b>Licensing Status:</b><br><span class=' btn-success'>With License</span>","12/31/2022"
"DOH000000000037100","37100","DILIMAN DOCTORS HOSPITAL, INC.","","","","Health Facility","Hospital","Private","","","251 COMMONWEALTH AVENUE","","NATIONAL CAPITAL REGION (NCR)","1300000000","NCR, SECOND DISTRICT (NOT A PROVINCE)","1374000000","QUEZON CITY","1381300000","MATANDANG BALARA","1381300066","1119","+63 28836900","","+63 29429303","dilimandoctorshospital2011@gmail.com","","","Level 2","130","<b>Licensing Status:</b><br><span class=' btn-success'>With License</span>",""
"DOH000000000004355","4355","DIVINE HEART MEDICAL SERVICE AND DEVELOPMENT COOPERATIVE HOSPITAL","DIHMESCO GENERAL HOSPITAL","","","Health Facility","Hospital","Private","","","215 GEN. LUIS STREET","","NATIONAL CAPITAL REGION (NCR)","1300000000","NCR, SECOND DISTRICT (NOT A PROVINCE)","1374000000","QUEZON CITY","1381300000","NAGKAISANG NAYON","1381300068","","+63 029374552","89369113","+63 029369113","dihmescohospital0@gmail.com","dihmesco@yahoo.com","","Level 1","32","<b>Licensing Status:</b><br><span class=' btn-success'>With License</span>","12/31/2022"
"DOH000000000000493","493","DR. FE DEL MUNDO MEDICAL CENTER","DR. FE DEL MUNDO CENTER FOUNDATIONS PHILS., INC.","","","Health Facility","Hospital","Private","","","11 BANAWE STREET","","NATIONAL CAPITAL REGION (NCR)","1300000000","NCR, SECOND DISTRICT (NOT A PROVINCE)","1374000000","QUEZON CITY","1381300000","DO?A JOSEFA","1381300032","","+63 027120845","","+63 027125796","mmedcon2003@yahoo.com","mlboon@fedelmundo.com.ph","","Level 3","107","<b>Licensing Status:</b><br><span class=' btn-success'>With License</span>",""
"DOH000000000000496","496","DR. JESUS C. DELGADO MEMORIAL HOSPITAL","","","","Health Facility","Hospital","Private","","","7 KAMUNING ROAD","","NATIONAL CAPITAL REGION (NCR)","1300000000","NCR, SECOND DISTRICT (NOT A PROVINCE)","1374000000","QUEZON CITY","1381300000","KAMUNING","1381300048","","+63 029244051","+63 029252991","+63 029285945","jdmh@skyinet.net","jdmh@pldtdsl.net","","Level 2","65","<b>Licensing Status:</b><br><span class=' btn-success'>With License</span>","12/31/2023"
"DOH000000000000499","499","DR. JOSE FABELLA MEMORIAL HOSPITAL","","","","Health Facility","Hospital","Government","Department Of Health","","LOPE DE VEGA STREET","","NATIONAL CAPITAL REGION (NCR)","1300000000","NCR, CITY OF MANILA, FIRST DISTRICT (NOT A PROVINCE)","1380600000","SANTA CRUZ","1380605000","BARANGAY 311","1380605013","1003","+63 027345561","+63 023146009","+63 027357146","JFMH@DOH.GOV.PH","","","Level 3","700","<b>Licensing Status:</b><br><span class=' btn-success'>With License</span>",""
"DOH000000000000502","502","DR. JOSE N. RODRIGUEZ MEMORIAL HOSPITAL AND SANITARIUM","DR. JOSE N. RODRIGUEZ MEMORIAL HOSPITAL","","","Health Facility","Hospital","Government","Department Of Health","","DR. UYGUANCO STREET","","NATIONAL CAPITAL REGION (NCR)","1300000000","NCR, THIRD DISTRICT (NOT A PROVINCE)","1375000000","CITY OF CALOOCAN","1380100000","BARANGAY 188","1380100188","","+63 022942571","+63 029629885","+63 029628209","djnrmh2003@yahoo.com","","","Level 3","200","<b>Licensing Status:</b><br><span class=' btn-success'>With License</span>",""
"DOH000000000000508","508","DR. MONTANO G. RAMOS GENERAL HOSPITAL CORPORATION","DR. MONTANO G. RAMOS HOSPITAL","","","Health Facility","Hospital","Private","","","46 BUKIDNON STREET","","NATIONAL CAPITAL REGION (NCR)","130000000","NCR, SECOND DISTRICT (NOT A PROVINCE)","137400000","QUEZON CITY","138130000","RAMON MAGSAYSAY","1381300089","","+63 029276628","+63 024531377","+63 024532453","montano.ramos@yahoo.com.ph","","","Level 1","25","<b>Licensing Status:</b><br><span class=' btn-success'>With License</span>","12/31/2023"
"DOH000000000000519","519","DR. SABILI HEALTH SERVICES CORPORATION","","","","Health Facility","Hospital","Private","","","313 GENERAL SANTOS AVENUE","","NATIONAL CAPITAL REGION (NCR)","130000000","NCR, FOURTH DISTRICT (NOT A PROVINCE)","137600000","CITY OF TAGUIG","138150000","LOWER BICUTAN","1381500008","","+63 028370917","","+63 028375954","sabilihospital@yahoo.com","","","Level 1","40","<b>Licensing Status:</b><br><span class=' btn-success'>With License</span>","12/31/2023"
"DOH000000000000523","523","DR. VICTOR R. POTENCIANO MEDICAL CENTER","POLYMEDIC MEDICAL CENTER","VRP MEDICAL CENTER","","Health Facility","Hospital","Private","","","163 EDSA","","NATIONAL CAPITAL REGION (NCR)","1300000000","NCR, SECOND DISTRICT (NOT A PROVINCE)","1374000000","CITY OF MANDALUYONG","1380500000","HIGHWAY HILLS","1380500013","","+63 024649999","","+63 025321764","hrd@vrp.com.ph","","","Level 3","178","<b>Licensing Status:</b><br><span class=' btn-success'>With License</span>",""
"DOH000000000023768","23768","E. ZARATE HOSPITAL","","","","Health Facility","Hospital","Private","","","16 J. AGUILAR AVENUE","","NATIONAL CAPITAL REGION (NCR)","130000000","NCR, FOURTH DISTRICT (NOT A PROVINCE)","137600000","CITY OF LAS PI?AS","138020000","TALON UNO","1380200008","","+63 028711440","+63 028746905","+63 028735593","zarateclinic@yahoo.com","","","Level 1","15","<b>Licensing Status:</b><br><span class=' btn-success'>With License</span>","12/31/2023"
"DOH000000000000540","540","EAST AVENUE MEDICAL CENTER","","","","Health Facility","Hospital","Government","Department Of Health","","EAST AVENUE, DILIMAN","","NATIONAL CAPITAL REGION (NCR)","1300000000","NCR, SECOND DISTRICT (NOT A PROVINCE)","1374000000","QUEZON CITY","1381300000","CENTRAL","1381300020","","+63 029280611","+63 029292031","+63 029220195","eamc.info@gmail.com","","","Level 3","600","<b>Licensing Status:</b><br><span class=' btn-success'>With License</span>",""
"DOH000000000006711","6711","F.Y. MANALO MEDICAL FOUNDATION, INC.","NEW ERA GENERAL HOSPITAL","","","Health Facility","Hospital","Private","","","DON MARIANO MARCOS, COMMONWEALTH AVE. COR TANDANG SORA","","NATIONAL CAPITAL REGION (NCR)","1300000000","NCR, SECOND DISTRICT (NOT A PROVINCE)","1374000000","QUEZON CITY","1381300000","NEW ERA","1381300023","","+63 029244311","+63 029327387","+63 029811187","newerageneralhospital@gmail.com","","","Level 2","100","<b>Licensing Status:</b><br><span class=' btn-success'>With License</span>",""
"DOH000000000000546","546","FAIRVIEW GENERAL HOSPITAL, INC.","","","","Health Facility","Hospital","Private","","","LOT 20 FAIRVIEW AVENUE, CORNER MERCURY STREET","","NATIONAL CAPITAL REGION (NCR)","130000000","NCR, SECOND DISTRICT (NOT A PROVINCE)","137400000","QUEZON CITY","138130000","FAIRVIEW","1381300041","","632-89398764","+63 0289398764","+63 029384796","fghjarin@yahoo.com","","","Level 1","30","<b>Licensing Status:</b><br><span class=' btn-success'>With License</span>","12/31/2023"
"DOH000000000006013","6013","FATIMA UNIVERSITY MEDICAL CENTER, CORPORATION","","","","Health Facility","Hospital","Private","","","120 MC ARTHUR HIGHWAY","","NATIONAL CAPITAL REGION (NCR)","1300000000","NCR, THIRD DISTRICT (NOT A PROVINCE)","1375000000","CITY OF VALENZUELA","1381600000","MARULAS","1381600019","","","+63 022916538","+63 022932705","medicaldirector@fumc.fatima.edu.ph","","","Level 3","150","<b>Licensing Status:</b><br><span class=' btn-success'>With License</span>",""
"DOH000000000002407","2407","FEU- DR. NICANOR REYES MEDICAL FOUNDATION, INC.","","","","Health Facility","Hospital","Private","","","REGALADO AVENUE WEST FAIRVIEW","","NATIONAL CAPITAL REGION (NCR)","1300000000","NCR, SECOND DISTRICT (NOT A PROVINCE)","1374000000","QUEZON CITY","1381300000","FAIRVIEW","1381300041","","+63 024270213","+63 029384881","+63 029384881","fghjarin@yahoo.com","","","Level 3","300","<b>Licensing Status:</b><br><span class=' btn-success'>With License</span>",""
"DOH000000000000690","690","FOUNDATION OF OUR LADY OF PEACE MISSION, INC.-OUR LADY OF PEACE HOSPITAL","OUR LADY OF PEACE HOSPITAL","","","Health Facility","Hospital","Private","","","COSTAL ROAD","","NATIONAL CAPITAL REGION (NCR)","1300000000","NCR, FOURTH DISTRICT (NOT A PROVINCE)","1376000000","CITY OF PARA?AQUE","1381000000","SAN DIONISIO","1381000004","","0288963840","+63 0288295720","+63 028257714","olph_pc@yahoo.com","olph2002@gmail.com","","Level 1","90","<b>Licensing Status:</b><br><span class=' btn-success'>With License</span>","12/31/2022"
"DOH000000000007507","7507","GARCIA GENERAL HOSPITAL","","","","Health Facility","Hospital","Private","","","49 BAYAN-BAYANAN AVENUE, MARIKINA HEIGHTS","","NATIONAL CAPITAL REGION (NCR)","130000000","NCR, SECOND DISTRICT (NOT A PROVINCE)","137400000","CITY OF MARIKINA","138070000","MARIKINA HEIGHTS","1380700013","","+63 0289484014","+63 0289424705","+63 0289415511","garciagenhosp@gmail.com","","","Level 1","24","<b>Licensing Status:</b><br><span class=' btn-success'>With License</span>","12/31/2023"
"DOH000000000004708","4708","GAT ANDRES BONIFACIO MEMORIAL MEDICAL CENTER","","","","Health Facility","Hospital","Government","Local Government Unit","","#8001 DELPAN STREET","","NATIONAL CAPITAL REGION (NCR)","1300000000","NCR, CITY OF MANILA, FIRST DISTRICT (NOT A PROVINCE)","1380600000","TONDO I/II","1380601000","BARANGAY 12","1380601012","","+63 0282438845","+63 0282412606","","gatandresbonifaciommc@ymail.com","","","Level 1","150","<b>Licensing Status:</b><br><span class=' btn-success'>With License</span>","12/31/2022"
"DOH000000000000550","550","GEN. MIGUEL MALVAR MEDICAL RESEARCH FOUNDATION, INC.","GEN. MIGUEL M. MALVAR MEDICAL FOUNDATION HOSPITAL","","","Health Facility","Hospital","Private","","","531 COMMONWEALTH AVENUE","","NATIONAL CAPITAL REGION (NCR)","1300000000","NCR, SECOND DISTRICT (NOT A PROVINCE)","1374000000","QUEZON CITY","1381300000","MATANDANG BALARA","1381300066","","89328517","+63 0289328517","","gen.malvarhospital@yahoo.com","","","Level 1","46","<b>Licensing Status:</b><br><span class=' btn-success'>With License</span>","12/31/2022"
"DOH000000000007986","7986","HOLYLIFE HOSPITAL","HOLYLIFE HEALTHCARE CENTER","","","Health Facility","Hospital","Private","","","19 PRESIDENT QUEZON STREET","","NATIONAL CAPITAL REGION (NCR)","130000000","NCR, SECOND DISTRICT (NOT A PROVINCE)","137400000","CITY OF PASIG","138120000","ROSARIO","1381200017","","7919-0179","+63 0289190179","","holylife@yahoo.com","","","Level 1","28","<b>Licensing Status:</b><br><span class=' btn-success'>With License</span>","12/31/2023"
"DOH000000000000572","572","HOSPITAL OF THE INFANT JESUS MEDICAL CENTER","CHILD CARE, INC.","","","Health Facility","Hospital","Private","","","1556 LAON-LAAN ROAD","","NATIONAL CAPITAL REGION (NCR)","1300000000","NCR, CITY OF MANILA, FIRST DISTRICT (NOT A PROVINCE)","1380600000","SAMPALOC","1380606000","BARANGAY 490","1380606096","1008","+63 027312771","+63 023054344","+63 023054350","admin@hijmc.com","hij_recordssections652@yahoo.com","","Level 3","140","<b>Licensing Status:</b><br><span class=' btn-success'>With License</span>",""
"DOH000000000007081","7081","J.P. SIOSON GENERAL HOSPITAL AND COLLEGES, INC","","","","Health Facility","Hospital","Private","","","75 BUKIDNON STREET, BAGO BANTAY","","NATIONAL CAPITAL REGION (NCR)","130000000","NCR, SECOND DISTRICT (NOT A PROVINCE)","137400000","QUEZON CITY","138130000","RAMON MAGSAYSAY","1381300089","","+63 029275643","+63 029271300","+63 024554281","mis.jpsioson@gmail.com","jpshr.1971@gmail.com","","Level 1","18","<b>Licensing Status:</b><br><span class=' btn-success'>With License</span>","12/31/2023"
"DOH000000000000586","586","JOSE R. REYES MEMORIAL MEDICAL CENTER","","","","Health Facility","Hospital","Government","Department Of Health","","SAN LAZARO COMPOUND, RIZAL AVENUE","","NATIONAL CAPITAL REGION (NCR)","1300000000","NCR, CITY OF MANILA, FIRST DISTRICT (NOT A PROVINCE)","1380600000","SANTA CRUZ","1380605000","BARANGAY 331","1380605033","1003","+63 027119491","+63 027119498","+63 027321077","josereyesmedical@yahoo.com","jrrmmc_ccs@yahoo.com.ph","","Level 3","450","<b>Licensing Status:</b><br><span class=' btn-success'>With License</span>",""
"DOH000000000022594","22594","JUSTICE JOSE ABAD SANTOS GENERAL HOSPITAL","JUSTICE JOSE ABAD SANTOS MOTHER AND CHILD HOSPITAL","","","Health Facility","Hospital","Government","Local Government Unit","","NUMANCIA STREET","","NATIONAL CAPITAL REGION (NCR)","1300000000","NCR, CITY OF MANILA, FIRST DISTRICT (NOT A PROVINCE)","1380600000","BINONDO","1380602000","BARANGAY 292","1380602006","","+63 0282542453","+63 0253101984","","justicejasgen.official@yahoo.com","","","Level 1","150","<b>Licensing Status:</b><br><span class=' btn-success'>With License</span>","12/31/2022"
"DOH000000000005710","5710","LAS PIÑAS CITY MEDICAL CENTER","","","","Health Facility","Hospital","Private","","","1314 MARCOS ALVAREZ AVENUE","","NATIONAL CAPITAL REGION (NCR)","1300000000","NCR, FOURTH DISTRICT (NOT A PROVINCE)","1376000000","CITY OF LAS PI?AS","1380200000","TALON SINGKO","1380200020","","+63 0288005695","+63 0288005678","+63 0288005678","lpcmc01@yahoo.com","","","Level 2","66","<b>Licensing Status:</b><br><span class=' btn-success'>With License</span>",""
"DOH000000000000614","614","LAS PIÑAS DOCTORS HOSPITAL, INC.","","","","Health Facility","Hospital","Private","","","8009 J.I. AGUILAR AVENUE, CAA ROAD","","NATIONAL CAPITAL REGION (NCR)","1300000000","NCR, FOURTH DISTRICT (NOT A PROVINCE)","1376000000","CITY OF LAS PI?AS","1380200000","PULANG LUPA DOS","1380200016","","+63 028297715","+63 026369414","+63 028297715","lpdhinc@yahoo.com","jilianchan74@yahoo.com","","Level 3","130","<b>Licensing Status:</b><br><span class=' btn-success'>With License</span>",""
"DOH000000000000615","615","LAS PIÑAS GENERAL HOSPITAL AND SATELLITE TRAUMA CENTER","LAS PINAS INTEGRATED DISTRICT HOSPITAL","","","Health Facility","Hospital","Government","Department Of Health","","BERNABE COMPOUND","","NATIONAL CAPITAL REGION (NCR)","1300000000","NCR, FOURTH DISTRICT (NOT A PROVINCE)","1376000000","CITY OF LAS PI?AS","1380200000","PULANG LUPA UNO","1380200007","","+63 0288720509","+63 0288730556","+63 028730557","lpghstc@gmail.com","","","Level 3","200","<b>Licensing Status:</b><br><span class=' btn-success'>With License</span>",""
"DOH000000000006028","6028","LUNG CENTER OF THE PHILIPPINES","","","","Health Facility","Hospital","Government","Department Of Health","","QUEZON AVENUE EXTENSION","","NATIONAL CAPITAL REGION (NCR)","1300000000","NCR, SECOND DISTRICT (NOT A PROVINCE)","1374000000","QUEZON CITY","1381300000","CENTRAL","1381300020","","+63 029246101","+63 029246111","+63 029246101","lcpdirector01@gmail.com","","","Level 3","210","<b>Licensing Status:</b><br><span class=' btn-success'>With License</span>",""
"DOH000000000000637","637","MAKATI MEDICAL CENTER","","","","Health Facility","Hospital","Private","","","2 AMORSOLO STREET, LEGASPI VILLAGE","","NATIONAL CAPITAL REGION (NCR)","1300000000","NCR, FOURTH DISTRICT (NOT A PROVINCE)","1376000000","CITY OF MAKATI","1380300000","SAN LORENZO","1380300025","","+63 0288888999","+63 0288400737","+63 0288925593","QualityManagementDivision@makatimed.net","Medical.Director@makati.net.ph","www.makatimed.net.ph","Level 3","600","<b>Licensing Status:</b><br><span class=' btn-success'>With License</span>",""
"DOH000000000005688","5688","MANDALUYONG CITY MEDICAL CENTER","MANDALUYONG MEDICAL CENTER","","","Health Facility","Hospital","Government","Local Government Unit","","605 BONI AVENUE","","NATIONAL CAPITAL REGION (NCR)","1300000000","NCR, SECOND DISTRICT (NOT A PROVINCE)","1374000000","CITY OF MANDALUYONG","1380500000","PLAINVIEW","1380500022","","+63 0286544363","+63 0285322781","","mandaluyongcitymedicalcenter@yahoo.com","mcmc.mandaluyong@gmail.com","","Level 2","150","<b>Licensing Status:</b><br><span class=' btn-success'>With License</span>",""
"DOH000000000005738","5738","MANILA CENTRAL UNIVERSITY - DR. FILEMON D. TANCHOCO, SR. MEDICAL FOUNDATION, INC.","MCU-FDT MEDICAL FOUNDATION HOSPITAL","","","Health Facility","Hospital","Private","","","SAMSON ROAD, EDSA","","NATIONAL CAPITAL REGION (NCR)","1300000000","NCR, THIRD DISTRICT (NOT A PROVINCE)","1375000000","CITY OF CALOOCAN","1380100000","BARANGAY 81","1380100081","","+63 0283672031","+63 0283654868","+63 023614664","mcu_directorsoffice@yahoo.com","","","Level 3","215","<b>Licensing Status:</b><br><span class=' btn-success'>With License</span>",""
"DOH000000000003999","3999","MANILA DOCTORS HOSPITAL","","","","Health Facility","Hospital","Private","","","667 UNITED NATIONS AVENUE","","NATIONAL CAPITAL REGION (NCR)","1300000000","NCR, CITY OF MANILA, FIRST DISTRICT (NOT A PROVINCE)","1380600000","ERMITA","1380608000","BARANGAY 667","1380608009","1000","+63 0285580888","","+63 025247376","www.maniladoctors.com.ph","","","Level 3","300","<b>Licensing Status:</b><br><span class=' btn-success'>With License</span>",""
"DOH000000000005304","5304","MANILA NAVAL HOSPITAL","","","","Health Facility","Hospital","Government","Department of National Defense","","NAVAL STATION, JOSE FRANCISCO","","NATIONAL CAPITAL REGION (NCR)","130000000","NCR, FOURTH DISTRICT (NOT A PROVINCE)","137600000","CITY OF TAGUIG","138150000","FORT BONIFACIO","1381500020","","+63 0288928261","+63 0289356629","","mnhoperations.h3@gmail.com","mnh.operation@gmail.com","","Level 1","65","<b>Licensing Status:</b><br><span class=' btn-success'>With License</span>","12/31/2023"
"DOH000000000036392","36392","MARIKINA DOCTORS HOSPITAL AND MEDICAL CENTER, INC.","","","","Health Facility","Hospital","Private","","","10 EVANGELISTA ROAD","","NATIONAL CAPITAL REGION (NCR)","130000000","NCR, SECOND DISTRICT (NOT A PROVINCE)","137400000","CITY OF PASIG","138120000","SANTOLAN","1381200027","1610","+63 025353873","+63 025353934","","mdhmc.902@gmail.com","","","Level 1","54","<b>Licensing Status:</b><br><span class=' btn-success'>With License</span>","12/31/2023"
"DOH000000000005205","5205","MARIKINA ST. VINCENT GENERAL HOSPITAL, INC.","ST. VINCENT HOSPITAL","","","Health Facility","Hospital","Private","","","35 BAYAN-BAYANAN AVENUE","","NATIONAL CAPITAL REGION (NCR)","1300000000","NCR, SECOND DISTRICT (NOT A PROVINCE)","1374000000","CITY OF MARIKINA","1380700000","CONCEPCION UNO","1380700003","","+63 0289480315","+63 0289480314","+63 0289417320","","","","Level 2","90","<b>Licensing Status:</b><br><span class=' btn-success'>With License</span>",""
"DOH000000000000648","648","MARIKINA VALLEY MEDICAL CENTER","","","","Health Facility","Hospital","Private","","","SUMULONG HIGHWAY, COR. AGUINALDO STREET","","NATIONAL CAPITAL REGION (NCR)","1300000000","NCR, SECOND DISTRICT (NOT A PROVINCE)","1374000000","CITY OF MARIKINA","1380700000","SANTO NI?O","1380700010","","+63 0286822222","+63 0286813398","+63 026823399","marikina_vmc@yahoo.com","info@mvmc.com.ph","","Level 2","110","<b>Licensing Status:</b><br><span class=' btn-success'>With License</span>",""
"DOH000000000005081","5081","MARTINEZ MEMORIAL HOSPITAL, INC.","","","","Health Facility","Hospital","Private","","","198 A. MABINI STREET MAYPAJO","","NATIONAL CAPITAL REGION (NCR)","1300000000","NCR, THIRD DISTRICT (NOT A PROVINCE)","1375000000","CITY OF CALOOCAN","1380100000","BARANGAY 32","1380100032","","+63 0282888661","+63 0282884574","","martinezmemorialhospital@yahoo.com","","","Level 1","33","<b>Licensing Status:</b><br><span class=' btn-success'>With License</span>","12/31/2022"
"DOH000000000000650","650","MARY CHILES GENERAL HOSPITAL, INC.","","","","Health Facility","Hospital","Private","","","667 GASTAMBIDE STREET","","NATIONAL CAPITAL REGION (NCR)","1300000000","NCR, CITY OF MANILA, FIRST DISTRICT (NOT A PROVINCE)","1380600000","SAMPALOC","1380606000","BARANGAY 404","1380606010","1008","+63 0287355341","","+63 027355437","mcghcoor_21@yahoo.com","","","Level 3","100","<b>Licensing Status:</b><br><span class=' btn-success'>With License</span>",""
"DOH000000000006037","6037","MARY JOHNSTON HOSPITAL, INC.","","","","Health Facility","Hospital","Private","","","1221 JUAN NOLASCO STREET","","NATIONAL CAPITAL REGION (NCR)","1300000000","NCR, CITY OF MANILA, FIRST DISTRICT (NOT A PROVINCE)","1380600000","TONDO I/II","1380601000","BARANGAY 47","1380601047","1012","+63 0282454021","","+63 0282474077","maryjohnstonhospital@yahoo.com.ph","","","Level 3","120","<b>Licensing Status:</b><br><span class=' btn-success'>With License</span>",""
"DOH000000000000655","655","MEDICAL CENTER MANILA INC.","MEDICAL CENTER MANILA","","","Health Facility","Hospital","Private","","","850 UNITED NATIONS AVE","","NATIONAL CAPITAL REGION (NCR)","1300000000","NCR, CITY OF MANILA, FIRST DISTRICT (NOT A PROVINCE)","1380600000","ERMITA","1380608000","BARANGAY 666","1380608008","1000","+63 0285238131","+63 0285223799","+63 025243440","directors_office@manilamed.com.ph","mcm_directorsoffice@yahoo.com","","Level 3","200","<b>Licensing Status:</b><br><span class=' btn-success'>With License</span>",""
"DOH000000000002245","2245","MEDICAL CENTER MUNTINLUPA, INC","","","","Health Facility","Hospital","Private","","","38 NATIONAL ROAD","","NATIONAL CAPITAL REGION (NCR)","1300000000","NCR, FOURTH DISTRICT (NOT A PROVINCE)","1376000000","CITY OF MUNTINLUPA","1380800000","PUTATAN","1380800006","","+63 028620162","","+63 028611687","mcmincoffice@gmail.com","","","Level 2","95","<b>Licensing Status:</b><br><span class=' btn-success'>With License</span>",""
"DOH000000000033842","33842","MEDICAL CENTER OF TAGUIG CITY, INC.","","","","Health Facility","Hospital","Private","","","LEVI MARIANO AVENUE","","NATIONAL CAPITAL REGION (NCR)","1300000000","NCR, FOURTH DISTRICT (NOT A PROVINCE)","1376000000","CITY OF TAGUIG","1381500000","USUSAN","1381500016","1632","+63 0288886284","+63 0283990494","+63 028886284","mctaguig@gmail.com","","","Level 2","50","<b>Licensing Status:</b><br><span class=' btn-success'>With License</span>",""
"DOH000000000000656","656","MEDICAL CENTER PARAÑAQUE, INC.","","","","Health Facility","Hospital","Private","","","DR. A. SANTOS AVENUE, SUCAT","","NATIONAL CAPITAL REGION (NCR)","1300000000","NCR, FOURTH DISTRICT (NOT A PROVINCE)","1376000000","CITY OF PARA?AQUE","1381000000","SAN ANTONIO","1381000012","","5318-9999","","+63 028262121","merza_lapat@yahoo.com","mcpi.directorsoffice@gmail.com","","Level 1","56","<b>Licensing Status:</b><br><span class=' btn-success'>With License</span>","12/31/2022"
"DOH000000000030973","30973","METRO NORTH MEDICAL CENTER AND HOSPITAL INC.","","","","Health Facility","Hospital","Private","","","1001 MINDANAO AVENUE","","NATIONAL CAPITAL REGION (NCR)","1300000000","NCR, SECOND DISTRICT (NOT A PROVINCE)","1374000000","QUEZON CITY","1381300000","BAHAY TORO","1381300012","","+63 0284268000","","+63 0284268000","metronorthmedicalcenter@yahoo.com","","","Level 2","80","<b>Licensing Status:</b><br><span class=' btn-success'>With License</span>",""
"DOH000000000003281","3281","METROPOLITAN MEDICAL CENTER","","","","Health Facility","Hospital","Private","","","1357 G. MASANGKAY STREET","","NATIONAL CAPITAL REGION (NCR)","1300000000","NCR, CITY OF MANILA, FIRST DISTRICT (NOT A PROVINCE)","1380600000","TONDO I/II","1380601000","BARANGAY 262","1380601263","1012","+63 022554111","+63 022547356","+63 022547356","kstan@metromedicalcenter.ph","","","Level 3","300","<b>Licensing Status:</b><br><span class=' btn-success'>With License</span>",""
"DOH000000000003626","3626","MISSION HOSPITAL","MEDICAL MISSION GROUP METRO MANILA EAST HOSPITAL &amp; HEALTH SERVICES COOPERATIVE","","","Health Facility","Hospital","Private","","","KM. 17 ORTIGAS AVENUE EXTENSION","","NATIONAL CAPITAL REGION (NCR)","1300000000","NCR, SECOND DISTRICT (NOT A PROVINCE)","1374000000","CITY OF PASIG","1381200000","ROSARIO","1381200017","","8656-2851","+63 0286554337","+63 0286560877","mission.hospital98@yahoo.com","mission_hospital98@yahoo.com","","Level 1","30","<b>Licensing Status:</b><br><span class=' btn-success'>With License</span>","12/31/2022"
"DOH000000000007359","7359","NATIONAL CENTER FOR MENTAL HEALTH","","","","Health Facility","Hospital","Government","Department Of Health","","9 DE PEBRERO STREET","","NATIONAL CAPITAL REGION (NCR)","1300000000","NCR, SECOND DISTRICT (NOT A PROVINCE)","1374000000","CITY OF MANDALUYONG","1380500000","MAUWAY","1380500017","","+63 025319001","","+63 025318682","mcc@mcmh@gmail.com","","","Level 3","4,200","<b>Licensing Status:</b><br><span class=' btn-success'>With License</span>",""
"DOH000000000006046","6046","NATIONAL CHILDREN'S HOSPITAL","","","","Health Facility","Hospital","Government","Department Of Health","","264 E. RODRIGUEZ SR. BOULEVARD","","NATIONAL CAPITAL REGION (NCR)","1300000000","NCR, SECOND DISTRICT (NOT A PROVINCE)","1374000000","QUEZON CITY","1381300000","DAMAYANG LAGI","1381300028","","+63 0287240656","","+63 0287219139","nch.doh@gmail.com","","","Level 3","250","<b>Licensing Status:</b><br><span class=' btn-success'>With License</span>",""
"DOH000000000001981","1981","NATIONAL KIDNEY AND TRANSPLANT INSTITUTE","","","","Health Facility","Hospital","Government","Department Of Health","","EAST AVENUE, DILIMAN","","NATIONAL CAPITAL REGION (NCR)","1300000000","NCR, SECOND DISTRICT (NOT A PROVINCE)","1374000000","QUEZON CITY","1381300000","CENTRAL","1381300020","","+63 029810330","+63 029240701","+63 029225608","pro@nkti.gov.p","","WWW.NKTI.GOV.PH","Level 3","315","<b>Licensing Status:</b><br><span class=' btn-success'>With License</span>",""
"DOH000000000033794","33794","NAVOTAS CITY HOSPITAL","","","","Health Facility","Hospital","Government","Local Government Unit","","M. NAVAL STREET","","NATIONAL CAPITAL REGION (NCR)","1300000000","NCR, THIRD DISTRICT (NOT A PROVINCE)","1375000000","CITY OF NAVOTAS","1380900000","SAN JOSE (POB.)","1380900010","1485","8866-7520","+63 023740135","+63 022830697","navotascityhospital@gmail.com","chezcagarcia@gmail.com","","Level 1","50","<b>Licensing Status:</b><br><span class=' btn-success'>With License</span>","12/31/2022"
"DOH000000000006502","6502","NODADO GENERAL HOSPITAL","","","","Health Facility","Hospital","Private","","","CAPTAIN SAMANO STREET AREA A, CAMARIN","","NATIONAL CAPITAL REGION (NCR)","130000000","NCR, THIRD DISTRICT (NOT A PROVINCE)","137500000","CITY OF CALOOCAN","138010000","BARANGAY 175","1380100175","","82414446","71173026","+63 029627991","hrd.nodadogen@gmail.com","","","Level 1","40","<b>Licensing Status:</b><br><span class=' btn-success'>With License</span>","12/31/2023"
"DOH000000000005050","5050","NORTH CALOOCAN DOCTORS HOSPITAL, INC.","","","","Health Facility","Hospital","Private","","","LOT 31 BLOCK 10 BANKERS VILLAGE 2 QUIRINO HI-WAY","","NATIONAL CAPITAL REGION (NCR)","130000000","NCR, THIRD DISTRICT (NOT A PROVINCE)","137500000","CITY OF CALOOCAN","138010000","BARANGAY 184","1380100184","","+63 029615213","","","ncdhi@yahoo.com","","","Level 1","29","<b>Licensing Status:</b><br><span class=' btn-success'>With License</span>","12/31/2023"
"DOH000000000007515","7515","NOVALICHES DISTRICT HOSPITAL","","","","Health Facility","Hospital","Government","Local Government Unit","","QUIRINO HIGHWAY","","NATIONAL CAPITAL REGION (NCR)","1300000000","NCR, SECOND DISTRICT (NOT A PROVINCE)","1374000000","QUEZON CITY","1381300000","SAN BARTOLOME","1381300097","","89310312","+63 0274177233","+63 024177233","NDH@quezoncity.gov.ph","ndhpersonnel@ymail.com","","Level 1","30","<b>Licensing Status:</b><br><span class=' btn-success'>With License</span>","12/31/2022"
"DOH000000000007516","7516","NOVALICHES GENERAL HOSPITAL, INC.","","","","Health Facility","Hospital","Private","","","793 QUIRINO HIGHWAY","","NATIONAL CAPITAL REGION (NCR)","1300000000","NCR, SECOND DISTRICT (NOT A PROVINCE)","1374000000","QUEZON CITY","1381300000","GULOD","1381300043","","+63 0289381449","+63 0289361817","+63 024185074","nghi@novagen.com.ph","info@novagen.com.ph","","Level 2","60","<b>Licensing Status:</b><br><span class=' btn-success'>With License</span>","12/31/2022"
"DOH000000000002174","2174","OLIVAREZ GENERAL HOSPITAL, INC.","","","","Health Facility","Hospital","Private","","","DR. A. SANTOS AVENUE, SUCAT ROAD","","NATIONAL CAPITAL REGION (NCR)","1300000000","NCR, FOURTH DISTRICT (NOT A PROVINCE)","1376000000","CITY OF PARA?AQUE","1381000000","SAN DIONISIO","1381000004","","88267966","+63 0288265035","","olivarezgenhospital.com","hrdepartment@olivarezgenhospital.com","","Level 1","50","<b>Licensing Status:</b><br><span class=' btn-success'>With License</span>","12/31/2022"
"DOH000000000005830","5830","OSPITAL NG MAKATI","","","","Health Facility","Hospital","Government","Local Government Unit","","SAMPAGUITA STREET CORNER GUMAMELA STREET","","NATIONAL CAPITAL REGION (NCR)","1300000000","NCR, FOURTH DISTRICT (NOT A PROVINCE)","1376000000","CITY OF MAKATI","1380300000","PEMBO","1380300016","","+63 028826316","","+63 028826375","osmak.qa@gmail.com","osmakqualityassurance@yahoo.com.ph","","Level 3","300","<b>Licensing Status:</b><br><span class=' btn-success'>With License</span>",""
"DOH000000000035563","35563","OSPITAL NG MALABON","","","","Health Facility","Hospital","Government","","","F. SEVILLA BOULEVARD","","NATIONAL CAPITAL REGION (NCR)","130000000","NCR, THIRD DISTRICT (NOT A PROVINCE)","137500000","CITY OF MALABON","138040000","TA?ONG (POB.)","1380400018","1470","+63 025188602","","","ospitalngmalabon@yahoo.com","","","Level 1","34","<b>Licensing Status:</b><br><span class=' btn-success'>With License</span>","12/31/2023"
"DOH000000000003498","3498","OSPITAL NG MAYNILA MEDICAL CENTER","","","","Health Facility","Hospital","Government","Local Government Unit","","PRES. QUIRINO AVENUE, CORNER ROXAS BOULEVARD","","NATIONAL CAPITAL REGION (NCR)","1300000000","NCR, CITY OF MANILA, FIRST DISTRICT (NOT A PROVINCE)","1380600000","MALATE","1380610000","BARANGAY 700","1380610015","1004","+63 025246063","+63 025246064","+63 025218490","ommc_a@yahoo.com","ospitalngmaynilamedicalcenter@yahoo.com","","Level 3","300","<b>Licensing Status:</b><br><span class=' btn-success'>With License</span>",""
"DOH000000000003499","3499","OSPITAL NG MUNTINLUPA","","","","Health Facility","Hospital","Government","Local Government Unit","","CIVIC DRIVE FILINVEST CORPORATE","","NATIONAL CAPITAL REGION (NCR)","1300000000","NCR, FOURTH DISTRICT (NOT A PROVINCE)","1376000000","CITY OF MUNTINLUPA","1380800000","ALABANG","1380800001","","+63 0287710457","","+63 0287710464","","","","Level 3","149","<b>Licensing Status:</b><br><span class=' btn-success'>With License</span>",""
"DOH000000000002995","2995","OSPITAL NG PARAÑAQUE","FLORENCIO V. BERNABE SR. MEMORIAL HOSPITAL","PARANAQUE COMMUNITY HOSPITAL","","Health Facility","Hospital","Government","Local Government Unit","","0440 QUIRINO AVENUE","","NATIONAL CAPITAL REGION (NCR)","130000000","NCR, FOURTH DISTRICT (NOT A PROVINCE)","137600000","CITY OF PARA?AQUE","138100000","LA HUERTA","1381000003","","8825-4902","+63 028254904","+63 028257714","ospar.adm100880@gmail.com","ospitalngparanaque@yahoo.com","","Level 1","50","<b>Licensing Status:</b><br><span class=' btn-success'>With License</span>","12/31/2023"
"DOH000000000045739","45739","OSPITAL NG PARAÑAQUE DISTRICT II","","","","Health Facility","Hospital","Government","Local Government Unit","","NO. 187 TAIWAN STREET EXTENSION CORNER DONA SOLEDAD AVE.","","NATIONAL CAPITAL REGION (NCR)","1300000000","NCR, FOURTH DISTRICT (NOT A PROVINCE)","1376000000","CITY OF PARA?AQUE","1381000000","DON BOSCO","1381000008","","8234-5459","","","mdao08012022@gmail.com","","","Level 1","70","<b>Licensing Status:</b><br><span class=' btn-success'>With License</span>","12/31/2023"
"DOH000000000003500","3500","OSPITAL NG SAMPALOC","","","","Health Facility","Hospital","Government","Local Government Unit","","677 GERONIMO CORNER CAROLA STREET","","NATIONAL CAPITAL REGION (NCR)","1300000000","NCR, CITY OF MANILA, FIRST DISTRICT (NOT A PROVINCE)","1380600000","SAMPALOC","1380606000","BARANGAY 449","1380606055","1008","(02)87813001","+63 027490223","+63 027490207","ospitalngsampaloc1994@gmail.com","","","Level 1","50","<b>Licensing Status:</b><br><span class=' btn-success'>With License</span>","12/31/2022"
"DOH000000000006888","6888","OSPITAL NG TONDO","","","","Health Facility","Hospital","Government","Local Government Unit","","JOSE ABAD SANTOS AVENUE","","NATIONAL CAPITAL REGION (NCR)","1300000000","NCR, CITY OF MANILA, FIRST DISTRICT (NOT A PROVINCE)","1380600000","TONDO I/II","1380601000","BARANGAY 215","1380601216","1012","82523942","+63 022523942","","oston@manila.gov.ph","ospitalngtondo_ont@yahoo.com","","Level 1","50","<b>Licensing Status:</b><br><span class=' btn-success'>With License</span>","12/31/2022"
"DOH000000000005484","5484","OUR LADY OF GRACE HOSPITAL, INC.","","","","Health Facility","Hospital","Private","","","8TH AVENUE, CORNER F. ROXAS STREET GRACE PARK","","NATIONAL CAPITAL REGION (NCR)","130000000","NCR, THIRD DISTRICT (NOT A PROVINCE)","137500000","CITY OF CALOOCAN","138010000","BARANGAY 61","1380100061","","+63 0283611138","+63 0283611124","+63 023611138","ourladyofgrace.hospital@yahoo.com","","","Level 1","28","<b>Licensing Status:</b><br><span class=' btn-success'>With License</span>","12/31/2023"
"DOH000000000012505","12505","OUR LADY OF LOURDES HOSPITAL","","","","Health Facility","Hospital","Private","","","46 P. SANCHEZ STREET, SANTA MESA","","NATIONAL CAPITAL REGION (NCR)","1300000000","NCR, CITY OF MANILA, FIRST DISTRICT (NOT A PROVINCE)","1380600000","SAMPALOC","1380606000","BARANGAY 606","1380606213","","+63 0287168001","+63 0282523942","+63 027147153","marketing@ollh.ph","","www.ollh-manila.com","Level 3","230","<b>Licensing Status:</b><br><span class=' btn-success'>With License</span>",""
"DOH000000000029741","29741","PACIFIC GLOBAL MEDICAL CENTER, INC.","","","","Health Facility","Hospital","Private","","","LOT 2B, MINDANAO AVENUE","","NATIONAL CAPITAL REGION (NCR)","1300000000","NCR, SECOND DISTRICT (NOT A PROVINCE)","1374000000","QUEZON CITY","1381300000","TALIPAPA","1381300119","","+63 0289014941","+63 0283581174","+63 0286259629","pgmcinc@yahoo.com","","","Level 2","100","<b>Licensing Status:</b><br><span class=' btn-success'>With License</span>",""
"DOH000000000047808","47808","PAMPLONA HOSPITAL AND MEDICAL CENTER INC.","","","","Health Facility","Hospital","Private","","","46 ZAPOTE-ALABANG ROAD","","NATIONAL CAPITAL REGION (NCR)","1300000000","NCR, FOURTH DISTRICT (NOT A PROVINCE)","1376000000","CITY OF LAS PI?AS","1380200000","PAMPLONA UNO","1380200006","1740","+63 0282554802","","","hrd@pamplonamed.com","","","Level 2","101","<b>Licensing Status:</b><br><span class=' btn-success'>With License</span>","12/31/2023"
"DOH000000000000699","699","PASAY CITY GENERAL HOSPITAL","","","","Health Facility","Hospital","Government","Local Government Unit","","P. BURGOS STREET","","NATIONAL CAPITAL REGION (NCR)","1300000000","NCR, FOURTH DISTRICT (NOT A PROVINCE)","1376000000","PASAY CITY","1381100000","BARANGAY 60","1381100060","1304","+63 028336022","+63 028313285","+63 025513735","pcgh.coh@gmail.com","","","Level 3","150","<b>Licensing Status:</b><br><span class=' btn-success'>With License</span>",""
"DOH000000000029735","29735","PASIG CITY CHILDREN'S HOSPITAL CHILD'S HOPE","CHILDS HOPE/PASIG CITY CHILDRENS HOSPITAL","","","Health Facility","Hospital","Government","Local Government Unit","","INDUSTRIA STREET CORNER ALCALDE JOSE STREET","","NATIONAL CAPITAL REGION (NCR)","1300000000","NCR, SECOND DISTRICT (NOT A PROVINCE)","1374000000","CITY OF PASIG","1381200000","KAPASIGAN","1381200008","","+63 026432222","","","","","","Level 2","64","<b>Licensing Status:</b><br><span class=' btn-success'>With License</span>",""
"DOH000000000000700","700","PASIG CITY GENERAL HOSPITAL","","","","Health Facility","Hospital","Government","Local Government Unit","","M. EUSEBIO AVENUE","","NATIONAL CAPITAL REGION (NCR)","1300000000","NCR, SECOND DISTRICT (NOT A PROVINCE)","1374000000","CITY OF PASIG","1381200000","MAYBUNGA","1381200012","","+63 022737981","+63 026433333","+63 026427380","pasigcitygen@yahoo.com.ph","","www.pasigcitygen.org","Level 3","200","<b>Licensing Status:</b><br><span class=' btn-success'>With License</span>",""
"DOH000000000035564","35564","PASIG DOCTORS MEDICAL CENTER, INC.","","","","Health Facility","Hospital","Private","","","254 AMANG RODRIGUEZ AVENUE","","NATIONAL CAPITAL REGION (NCR)","1300000000","NCR, SECOND DISTRICT (NOT A PROVINCE)","1374000000","CITY OF PASIG","1381200000","MANGGAHAN","1381200011","1611","+63 029972791","+63 028787362","","pdmc.secretariat@yahoo.com","pdmc.jayr@gmail.com","","Level 2","80","<b>Licensing Status:</b><br><span class=' btn-success'>With License</span>",""
"DOH000000000000711","711","PERPETUAL SUCCOR HOSPITAL &amp; MATERNITY, INC.","","","","Health Facility","Hospital","Private","","","836 FLORENTINO CAYCO STREET","","NATIONAL CAPITAL REGION (NCR)","1300000000","NCR, CITY OF MANILA, FIRST DISTRICT (NOT A PROVINCE)","1380600000","SAMPALOC","1380606000","BARANGAY 457","1380606063","1008","+63 0287311631","+63 0287311632","+63 0287311633","perpetual.succor@yahoo.com","","","Level 1","65","<b>Licensing Status:</b><br><span class=' btn-success'>With License</span>","12/31/2022"
"DOH000000000000713","713","PHILIPPINE CHILDREN'S MEDICAL CENTER","","","","Health Facility","Hospital","Government","Department Of Health","","QUEZON AVENUE CORNER AGHAM ROAD","","NATIONAL CAPITAL REGION (NCR)","1300000000","NCR, SECOND DISTRICT (NOT A PROVINCE)","1374000000","QUEZON CITY","1381300000","BAGONG PAG-ASA","1381300009","","+63 029246601","+63 025889900","+63 029240887","officeofthedirector@pcmc.gov.ph","hiss@pcmc.gov.ph","","Level 3","200","<b>Licensing Status:</b><br><span class=' btn-success'>With License</span>",""
"DOH000000000000714","714","PHILIPPINE HEART CENTER","","","","Health Facility","Hospital","Government","Department Of Health","","EAST AVENUE, DILIMAN","","NATIONAL CAPITAL REGION (NCR)","1300000000","NCR, SECOND DISTRICT (NOT A PROVINCE)","1374000000","QUEZON CITY","1381300000","CENTRAL","1381300020","","+63 029252401","+63 029220551","+63 029220551","director@phc.gov.ph","adas@phc.gov.ph","","Level 3","454","<b>Licensing Status:</b><br><span class=' btn-success'>With License</span>",""
"DOH000000000000715","715","PHILIPPINE ORTHOPEDIC CENTER","","","","Health Facility","Hospital","Government","Department Of Health","","MA. CLARA STREET CORNER BANAWE STREET","","NATIONAL CAPITAL REGION (NCR)","1300000000","NCR, SECOND DISTRICT (NOT A PROVINCE)","1374000000","QUEZON CITY","1381300000","SANTA TERESITA","1381300107","","+63 027320454","+63 027114276","+63 027124601","poc.medicalcenter.chief@gmail.com","","","Level 3","700","<b>Licensing Status:</b><br><span class=' btn-success'>With License</span>",""
"DOH000000000003066","3066","PNP GENERAL HOSPITAL","","","","Health Facility","Hospital","Government","Philippine National Police","","EDSA, CAMP CRAME","","NATIONAL CAPITAL REGION (NCR)","1300000000","NCR, SECOND DISTRICT (NOT A PROVINCE)","1374000000","QUEZON CITY","1381300000","BAGONG LIPUNAN NG CRAME","1381300008","","+63 0287220670","+63 0287230401","","pnpghphilhealthsection@gmail.com","","","Level 2","176","<b>Licensing Status:</b><br><span class=' btn-success'>With License</span>",""
"DOH000000000038397","38397","POPE JOHN PAUL II HOSPITAL AND MEDICAL CENTER INC.","","","","Health Facility","Hospital","Private","","","545 E ALABANG ZAPOTE ROAD","","NATIONAL CAPITAL REGION (NCR)","1300000000","NCR, FOURTH DISTRICT (NOT A PROVINCE)","1376000000","CITY OF LAS PI?AS","1380200000","TALON UNO","1380200008","1747","+63 88260285","","","pjp2hmc.executivesecretary@gmail.com","","","Level 2","100","<b>Licensing Status:</b><br><span class=' btn-success'>With License</span>",""
"DOH000000000032015","32015","PROVIDENCE HOSPITAL, INC.","","","","Health Facility","Hospital","Private","","","1515 WEST TRIANGLE, QUEZON AVENUE","","NATIONAL CAPITAL REGION (NCR)","1300000000","NCR, SECOND DISTRICT (NOT A PROVINCE)","1374000000","QUEZON CITY","1381300000","WEST TRIANGLE","1381300133","1104","+63 0285586999","","+63 025586999","admin@providencehospital.com.ph","phi.admin@providencehospital.com.ph","","Level 2","75","<b>Licensing Status:</b><br><span class=' btn-success'>With License</span>",""
"DOH000000000004124","4124","QUEZON CITY GENERAL HOSPITAL","","","","Health Facility","Hospital","Government","Local Government Unit","","SEMINARY ROAD, EDSA","","NATIONAL CAPITAL REGION (NCR)","1300000000","NCR, SECOND DISTRICT (NOT A PROVINCE)","1374000000","QUEZON CITY","1381300000","BAHAY TORO","1381300012","","+63 024261383","+63 024261321","+63 029207081","qcghdo@gmail.com","jobsaando@yahoo.com/jobsamd@yahoo.com","","Level 3","250","<b>Licensing Status:</b><br><span class=' btn-success'>With License</span>",""
"DOH000000000007520","7520","QUIRINO MEMORIAL MEDICAL CENTER","","","","Health Facility","Hospital","Government","Department Of Health","","J. P. RIZAL CORNER P. TUAZON STREET, PROJECT 4, KATIPUNAN","","NATIONAL CAPITAL REGION (NCR)","1300000000","NCR, SECOND DISTRICT (NOT A PROVINCE)","1374000000","QUEZON CITY","1381300000","MARILAG","1381300062","","+63 029134758","+63 024212250","+63 029134758","","","","Level 3","460","<b>Licensing Status:</b><br><span class=' btn-success'>With License</span>",""
"DOH000000000034334","34334","RECUENCO GENERAL HOSPITAL, INC.","RECUENCO MEDICAL, MATERNITY, CHILDREN &amp; WELL BABY CLINIC","","","Health Facility","Hospital","Private","","","68 SAMPALOC EXTENSION","","NATIONAL CAPITAL REGION (NCR)","130000000","NCR, FOURTH DISTRICT (NOT A PROVINCE)","137600000","CITY OF TAGUIG","138150000","NORTH SIGNAL VILLAGE","1381500024","1630","+63 028085950","+63 028379679","","recuencogeneralhospitalinc@gmail.com","recuencomedical@gmail.com","","Level 1","12","<b>Licensing Status:</b><br><span class=' btn-success'>With License</span>","12/31/2023"
"DOH000000000002232","2232","RESEARCH INSTITUTE FOR TROPICAL MEDICINE","","","","Health Facility","Hospital","Government","Department Of Health","","FILINVEST CORPORATE CITY","","NATIONAL CAPITAL REGION (NCR)","1300000000","NCR, FOURTH DISTRICT (NOT A PROVINCE)","1376000000","CITY OF MUNTINLUPA","1380800000","ALABANG","1380800001","","+63 028072628","+63 028072632","+63 028422245","director.ritmdoh@gmail.com","","www.ritm.gov.ph","Level 3","50","<b>Licensing Status:</b><br><span class=' btn-success'>With License</span>",""
"DOH000000000000727","727","RIZAL MEDICAL CENTER","","","","Health Facility","Hospital","Government","Department Of Health","","PASIG BOULEVARD","","NATIONAL CAPITAL REGION (NCR)","1300000000","NCR, SECOND DISTRICT (NOT A PROVINCE)","1374000000","CITY OF PASIG","1381200000","BAGONG ILOG","1381200001","1600","+63 028658400","+63 026719616","+63 026719616","rizalmedicalcenter@gmail.com","","rmc.doh.gov.ph","Level 3","300","<b>Licensing Status:</b><br><span class=' btn-success'>With License</span>",""
"DOH000000000037966","37966","ROSARIO MACLANG BAUTISTA GENERAL HOSPITAL","","","","Health Facility","Hospital","Government","Local Government Unit","","IBF ROAD","","NATIONAL CAPITAL REGION (NCR)","1300000000","NCR, SECOND DISTRICT (NOT A PROVINCE)","1374000000","QUEZON CITY","1381300000","BATASAN HILLS","1381300139","1126","+63 024000648","","","rmbgh@quezoncity.gov.ph","rmbgh2019@gmail.com","","Level 2","107","<b>Licensing Status:</b><br><span class=' btn-success'>With License</span>",""
"DOH000000000002550","2550","SALVE REGINA GENERAL HOSPITAL, INC.","","","","Health Facility","Hospital","Private","","","LOT A 2A MARCOS HIGHWAY","","NATIONAL CAPITAL REGION (NCR)","130000000","NCR, SECOND DISTRICT (NOT A PROVINCE)","137400000","CITY OF PASIG","138120000","DELA PAZ","1381200006","","(02) 86453035","+63 0286453060","+63 026453035","salvereginahosp@gmail.com","","","Level 1","50","<b>Licensing Status:</b><br><span class=' btn-success'>With License</span>","12/31/2023"
"DOH000000000005084","5084","SAN JUAN DE DIOS EDUCATIONAL FOUNDATION INC.","","","","Health Facility","Hospital","Private","","","2772 ROXAS BOULEVARD","","NATIONAL CAPITAL REGION (NCR)","1300000000","NCR, FOURTH DISTRICT (NOT A PROVINCE)","1376000000","PASAY CITY","1381100000","BARANGAY 76","1381100076","1300","+63 028319731","+63 028315641","+63 028316921","vphs@sanjuandedios.org","","","Level 3","230","<b>Licensing Status:</b><br><span class=' btn-success'>With License</span>",""
"DOH000000000002314","2314","SAN JUAN MEDICAL CENTER","","","","Health Facility","Hospital","Government","Local Government Unit","","N.DOMINGO STREET","","NATIONAL CAPITAL REGION (NCR)","1300000000","NCR, SECOND DISTRICT (NOT A PROVINCE)","1374000000","CITY OF SAN JUAN","1381400000","BALONG-BATO","1381400002","1500","87253765","+63 027249948","+63 027253765","sanjuan.medicalcenter@yahoo.com","","","Level 1","150","<b>Licensing Status:</b><br><span class=' btn-success'>With License</span>","12/31/2022"
"DOH000000000004799","4799","SAN LAZARO HOSPITAL","","","","Health Facility","Hospital","Government","Department Of Health","","QUIRICADA STREET","","NATIONAL CAPITAL REGION (NCR)","1300000000","NCR, CITY OF MANILA, FIRST DISTRICT (NOT A PROVINCE)","1380600000","SANTA CRUZ","1380605000","BARANGAY 331","1380605033","","+63 023099552","+63 027116966","+63 027116966","NNLAZARO@DOH.GOV.PH","","","Level 3","500","<b>Licensing Status:</b><br><span class=' btn-success'>With License</span>",""
"DOH000000000004475","4475","SAN LORENZO HOSPITAL HEALTH MANAGEMENT CO., INC.","SAN LORENZO GENERAL HOSPITAL","","","Health Facility","Hospital","Private","","Corporation","QUIRINO HIGHWAY","","NATIONAL CAPITAL REGION (NCR)","1300000000","NCR, SECOND DISTRICT (NOT A PROVINCE)","1374000000","QUEZON CITY","1381300000","PASONG PUTIK PROPER","1381300079","","82989533","+63 029302195","+63 029302195","lagro.sanlorenzohospital@gmail.com","sanlorenzohospital.lagro@yahoo.com","","Level 1","18","<b>Licensing Status:</b><br><span class=' btn-success'>With License</span>","12/31/2022"
"DOH000000000007064","7064","SAN LORENZO RUIZ GENERAL HOSPITAL","SAN LORENZO RUIZ WOMEN'S HOSPITAL","","","Health Facility","Hospital","Government","Department Of Health","","25 O. REYES STREET","","NATIONAL CAPITAL REGION (NCR)","1300000000","NCR, THIRD DISTRICT (NOT A PROVINCE)","1375000000","CITY OF MALABON","1380400000","SANTOLAN","1380400017","1478","8294485355","+63 0282939112","","slrwh_malabon@yahoo.com","","","Level 1","10","<b>Licensing Status:</b><br><span class=' btn-success'>With License</span>",""
"DOH000000000005470","5470","SDS MEDICAL CENTER, INC.","","","","Health Facility","Hospital","Private","","","KATIPUNAN COR. PIO DEL PILAR","","NATIONAL CAPITAL REGION (NCR)","130000000","NCR, SECOND DISTRICT (NOT A PROVINCE)","137400000","CITY OF MARIKINA","138070000","CONCEPCION DOS","1380700012","","+63 0289337078","","+63 029337078","sdsmedicalrecords@gmail.com","","","Level 1","22","<b>Licensing Status:</b><br><span class=' btn-success'>With License</span>","12/31/2023"
"DOH000000000005687","5687","SEAMEN'S HOSPITAL","","","","Health Facility","Hospital","Private","","","CABILDO STREET CORNER SAN JOSE STREET","","NATIONAL CAPITAL REGION (NCR)","1300000000","NCR, CITY OF MANILA, FIRST DISTRICT (NOT A PROVINCE)","1380600000","INTRAMUROS","1380609000","BARANGAY 657","1380609004","1000","+63 025278116","+63 025271120","+63 025273554","shosp_mnl@amosup.org","","","Level 3","100","<b>Licensing Status:</b><br><span class=' btn-success'>With License</span>",""
"DOH000000000004437","4437","SOUTH SUPERHIGHWAY MEDICAL CENTER","","","","Health Facility","Hospital","Private","","","KM. 17, WEST SERVICE ROAD, SOUTH SUPER HIGHWAY","","NATIONAL CAPITAL REGION (NCR)","1300000000","NCR, FOURTH DISTRICT (NOT A PROVINCE)","1376000000","CITY OF PARA?AQUE","1381000000","MARCELO GREEN VILLAGE","1381000009","","+63 028218452","","+63 028234344","info@ssmchealth.com","","","Level 2","50","<b>Licensing Status:</b><br><span class=' btn-success'>With License</span>","12/31/2022"
"DOH000000000013518","13518","ST. ANTHONY MEDICAL CENTER OF MARIKINA, INC.","ST. JOHN THE BAPTIST HOSPITAL OF MARIKINA","","","Health Facility","Hospital","Private","","","32 SANTA ANA EXTENSION COR. BETELNUT STREET","","NATIONAL CAPITAL REGION (NCR)","1300000000","NCR, SECOND DISTRICT (NOT A PROVINCE)","1374000000","CITY OF MARIKINA","1380700000","SAN ROQUE","1380700008","","+63 026823240","","+63 026823844","samcm@saintanthony.com.ph","","","Level 2","34","<b>Licensing Status:</b><br><span class=' btn-success'>With License</span>",""
"DOH000000000024433","24433","ST. CAMILLUS MEDICAL CENTER","","","","Health Facility","Hospital","Private","","","116 E. AMANG RODRIGUEZ AVENUE","","NATIONAL CAPITAL REGION (NCR)","1300000000","NCR, SECOND DISTRICT (NOT A PROVINCE)","1374000000","CITY OF PASIG","1381200000","SANTOLAN","1381200027","1600","+63 026453741","","+63 026820366","hdoscmc@yhaoo.com","","","Level 2","40","<b>Licensing Status:</b><br><span class=' btn-success'>With License</span>",""
"DOH000000000023753","23753","ST. CHRISTIANA HOSPITAL, INC.","ST. CHRISTIANA MATERNITY HOSPITAL","","","Health Facility","Hospital","Private","","","3338 KAGINHAWAAN ROAD, KARANGALAN VILLAGE","","NATIONAL CAPITAL REGION (NCR)","130000000","NCR, SECOND DISTRICT (NOT A PROVINCE)","137400000","CITY OF PASIG","138120000","MANGGAHAN","1381200011","1611","+63 026828751","","+63 026846926","stchristiana_hospital2010@yahoo.com","aebrodriguez@yahoo.com.sg","","Level 1","10","<b>Licensing Status:</b><br><span class=' btn-success'>With License</span>","12/31/2023"
"DOH000000000000758","758","ST. CLARE'S MEDICAL CENTER, INC.","","","","Health Facility","Hospital","Private","","","1838 DIAN STREET","","NATIONAL CAPITAL REGION (NCR)","1300000000","NCR, FOURTH DISTRICT (NOT A PROVINCE)","1376000000","CITY OF MAKATI","1380300000","PALANAN","1380300015","","+63 028316512","+63 028316514","+63 028315445","scmc1972@yahoo.com","","","Level 2","75","<b>Licensing Status:</b><br><span class=' btn-success'>With License</span>",""
"DOH000000000000768","768","ST. JUDE GENERAL HOSPITAL AND MEDICAL CENTER","ST. JUDE HOSPITAL AND MEDICAL CENTER","","","Health Facility","Hospital","Private","","","DIMASALANG CORNER DON QUIJOTE STREET","","NATIONAL CAPITAL REGION (NCR)","1300000000","NCR, CITY OF MANILA, FIRST DISTRICT (NOT A PROVINCE)","1380600000","SAMPALOC","1380606000","BARANGAY 497","1380606103","1008","+63 027312761","+63 027312765","+63 023109027","hrd.stjudehospital@gmail.com","admistjudehosp@gmail.com","","Level 3","50","<b>Licensing Status:</b><br><span class=' btn-success'>With License</span>",""
"DOH000000000003522","3522","ST. LUKE'S MEDICAL CENTER","","","","Health Facility","Hospital","Private","","","279 E. RODRIGUEZ SR. BOULEVARD","","NATIONAL CAPITAL REGION (NCR)","1300000000","NCR, SECOND DISTRICT (NOT A PROVINCE)","1374000000","QUEZON CITY","1381300000","KALUSUGAN","1381300047","","+63 027230101","","+63 027270419","mdrepollo.bgc@stluke.com.ph","Isgolimlim@stlukes.com.ph","","Level 3","633","<b>Licensing Status:</b><br><span class=' btn-success'>With License</span>",""
"DOH000000000007987","7987","ST. LUKE'S MEDICAL CENTER-GLOBAL CITY","","","","Health Facility","Hospital","Private","","","BLOCK 16 LOT 18, CRESCENT PARK, RIZAL DRIVE, CORNER 32ND STREET BONIFACIO GLOBAL CITY","","NATIONAL CAPITAL REGION (NCR)","1300000000","NCR, FOURTH DISTRICT (NOT A PROVINCE)","1376000000","CITY OF TAGUIG","1381500000","FORT BONIFACIO","1381500020","","+63 027897700","","","slmc.info@stluke.com.ph","","","Level 3","528","<b>Licensing Status:</b><br><span class=' btn-success'>With License</span>",""
"DOH000000000000778","778","ST. MARTIN DE PORRES CHARITY HOSPITAL","","","","Health Facility","Hospital","Private","","","70 A. BONIFACIO STREET","","NATIONAL CAPITAL REGION (NCR)","1300000000","NCR, SECOND DISTRICT (NOT A PROVINCE)","1374000000","CITY OF SAN JUAN","1381400000","KABAYANAN","1381400008","1500","+63 027230741","","+63 027254796","smpch59@yahoo.com","","","Level 1","18","<b>Licensing Status:</b><br><span class=' btn-success'>With License</span>","12/31/2023"
"DOH000000000000774","774","ST. VICTORIA HOSPITAL","","","","Health Facility","Hospital","Private","","","444 J.P. RIZAL STREET","","NATIONAL CAPITAL REGION (NCR)","130000000","NCR, SECOND DISTRICT (NOT A PROVINCE)","137400000","CITY OF MARIKINA","138070000","SANTO NI?O","1380700010","","+63 029422022","+63 029415081","","ubaldelevi@yahoo.com","stvictoriahospitalbillingdepartment@gmai","","Level 1","55","<b>Licensing Status:</b><br><span class=' btn-success'>With License</span>","12/31/2023"
"DOH000000000022598","22598","STA. ANA HOSPITAL","","","","Health Facility","Hospital","Government","Local Government Unit","","NEW PANADEROS STREET","","NATIONAL CAPITAL REGION (NCR)","1300000000","NCR, CITY OF MANILA, FIRST DISTRICT (NOT A PROVINCE)","1380600000","SANTA ANA","1380614000","BARANGAY 886","1380614079","","+63 025166151","+63 027246238","+63 025166153","","","","Level 2","300","<b>Licensing Status:</b><br><span class=' btn-success'>With License</span>",""
"DOH000000000000788","788","TAGUIG-PATEROS DISTRICT HOSPITAL","","","","Health Facility","Hospital","Government","Local Government Unit","","EAST SERVICE ROAD","","NATIONAL CAPITAL REGION (NCR)","130000000","NCR, FOURTH DISTRICT (NOT A PROVINCE)","137600000","CITY OF TAGUIG","138150000","WESTERN BICUTAN","1381500018","","+63 028383485","","","taguigpaterosdistricthospital@ymail.com","","","Level 1","110","<b>Licensing Status:</b><br><span class=' btn-success'>With License</span>","12/31/2023"
"DOH000000000005104","5104","THE MEDICAL CITY","","","","Health Facility","Hospital","Private","","","ORTIGAS AVENUE","","NATIONAL CAPITAL REGION (NCR)","1300000000","NCR, SECOND DISTRICT (NOT A PROVINCE)","1374000000","CITY OF PASIG","1381200000","UGONG","1381200029","","+63 029881000","+63 029887000","+63 026353325","ejframos@themedicalcity.com","","","Level 3","522","<b>Licensing Status:</b><br><span class=' btn-success'>With License</span>",""
"DOH000000000032082","32082","THE PREMIER MEDICAL CENTER","","","","Health Facility","Hospital","Private","","","LOT 2, AMVEL BUSINESS PARK, DR. A. SANTOS AVENUE, SUCAT ROAD","","NATIONAL CAPITAL REGION (NCR)","1300000000","NCR, FOURTH DISTRICT (NOT A PROVINCE)","1376000000","CITY OF PARA?AQUE","1381000000","SAN DIONISIO","1381000004","","+63 028652200","","","Premier_hospital@yahoo.com","","","Level 2","50","<b>Licensing Status:</b><br><span class=' btn-success'>With License</span>",""
"DOH000000000006596","6596","TONDO MEDICAL CENTER","","","","Health Facility","Hospital","Government","Department Of Health","","HONORIO LOPEZ BOULEVARD","","NATIONAL CAPITAL REGION (NCR)","1300000000","NCR, CITY OF MANILA, FIRST DISTRICT (NOT A PROVINCE)","1380600000","TONDO I/II","1380601000","BARANGAY 126","1380601126","1012","+63 025221174","+63 025229244","+63 022528661","tmcmcc2015@yahoo.com","","","Level 3","200","<b>Licensing Status:</b><br><span class=' btn-success'>With License</span>",""
"DOH000000000032083","32083","TRICITY MEDICAL CENTER, INC.","","","","Health Facility","Hospital","Private","","","269 C. RAYMUNDO AVENUE","","NATIONAL CAPITAL REGION (NCR)","1300000000","NCR, SECOND DISTRICT (NOT A PROVINCE)","1374000000","CITY OF PASIG","1381200000","MAYBUNGA","1381200012","","+63 022759752","","","tricitymedicalcntr@yahoo.com.ph","","","Level 2","100","<b>Licensing Status:</b><br><span class=' btn-success'>With License</span>",""
"DOH000000000002852","2852","TRINITY WOMAN AND CHILD CENTER ""THE BIRTHPLACE""","","","","Health Facility","Hospital","Private","","","2732 NEW PANADEROS STREET","","NATIONAL CAPITAL REGION (NCR)","1300000000","NCR, CITY OF MANILA, FIRST DISTRICT (NOT A PROVINCE)","1380600000","SANTA ANA","1380614000","BARANGAY 888","1380614081","","+63 025641510","+63 025641512","+63 025641510","","","","Level 1","18","<b>Licensing Status:</b><br><span class=' btn-success'>With License</span>","12/31/2022"
"DOH000000000000698","698","UHBI-PARAÑAQUE DOCTORS HOSPITAL, INC.","PARANAQUE DOCTOR'S HOSPITAL","","","Health Facility","Hospital","Private","","","175 DOÑA SOLEDAD AVENUE BETTER LIVING SUBDIVISION","","NATIONAL CAPITAL REGION (NCR)","1300000000","NCR, FOURTH DISTRICT (NOT A PROVINCE)","1376000000","CITY OF PARA?AQUE","1381000000","DON BOSCO","1381000008","","+63 028281340","+63 027760644","+63 027760644","parañaquedoctors@yahoo.com.ph","","","Level 2","94","<b>Licensing Status:</b><br><span class=' btn-success'>With License</span>",""
"DOH000000000032017","32017","UNIHEALTH PARAÑAQUE HOSPITAL AND MEDICAL CENTER, INC.","","","","Health Facility","Hospital","Private","","","DR. A. SANTOS AVENUE, VALLEY 1","","NATIONAL CAPITAL REGION (NCR)","1300000000","NCR, FOURTH DISTRICT (NOT A PROVINCE)","1376000000","CITY OF PARA?AQUE","1381000000","SAN ANTONIO","1381000012","1715","+63 028320636","+63 028320641","+63 028320627","balmesclaire17@yahoo.com","","","Level 2","100","<b>Licensing Status:</b><br><span class=' btn-success'>With License</span>",""
"DOH000000000000797","797","UNITED DOCTORS MEDICAL CENTER","","","","Health Facility","Hospital","Private","","","290 ESPANA CORNER 6TH N. RAMIREZ STREET","","NATIONAL CAPITAL REGION (NCR)","1300000000","NCR, SECOND DISTRICT (NOT A PROVINCE)","1374000000","QUEZON CITY","1381300000","DON MANUEL","1381300033","","+63 027123640","+63 027123223","+63 027120575","udmcbusinessoffice@yahoo.com","","","Level 3","100","<b>Licensing Status:</b><br><span class=' btn-success'>With License</span>",""
"DOH000000000000798","798","UNIVERSITY OF PERPETUAL HELP DALTA MEDICAL CENTER, INC.","","","","Health Facility","Hospital","Private","","","ALABANG-ZAPOTE RD","","NATIONAL CAPITAL REGION (NCR)","1300000000","NCR, FOURTH DISTRICT (NOT A PROVINCE)","1376000000","CITY OF LAS PI?AS","1380200000","PAMPLONA UNO","1380200006","","+63 028748515","+63 028737210","+63 028737210","evphd_uphdmc@yahoo.com","","","Level 3","215","<b>Licensing Status:</b><br><span class=' btn-success'>With License</span>",""
"DOH000000000002997","2997","UNIVERSITY OF SANTO TOMAS HOSPITAL","","","","Health Facility","Hospital","Private","","","ESPAÑA BOULEVARD","","NATIONAL CAPITAL REGION (NCR)","1300000000","NCR, CITY OF MANILA, FIRST DISTRICT (NOT A PROVINCE)","1380600000","SAMPALOC","1380606000","BARANGAY 470","1380606076","1008","+63 027313001","","+63 027328189","medicaldirector@usthospital.com.ph","","","Level 3","700","<b>Licensing Status:</b><br><span class=' btn-success'>With License</span>",""
"DOH000000000005683","5683","University of the East Ramon Magsaysay Memorial Hospital","U.E.R.M. MEMORIAL HOSPITAL","","","Health Facility","Hospital","Private","","","AURORA BOULEVARD, DONA IMELDA","","NATIONAL CAPITAL REGION (NCR)","1300000000","NCR, SECOND DISTRICT (NOT A PROVINCE)","1374000000","QUEZON CITY","1381300000","DO?A IMELDA","1381300031","","+63 027161853","","+63 027161853","uerm.edu.ph/docnap@gmail.com","","uerm.edu.ph","Level 3","307","<b>Licensing Status:</b><br><span class=' btn-success'>With License</span>",""
"DOH000000000005032","5032","UP-PHILIPPINE GENERAL HOSPITAL","","","","Health Facility","Hospital","Government","University Hospital","","TAFT AVENUE","","NATIONAL CAPITAL REGION (NCR)","1300000000","NCR, CITY OF MANILA, FIRST DISTRICT (NOT A PROVINCE)","1380600000","ERMITA","1380608000","BARANGAY 670","1380608012","1000","+63 025548450","+63 025237123","+63 025242211","pgh_director@yahoo.com","","www.pgh.gov.ph","Level 3","1,334","<b>Licensing Status:</b><br><span class=' btn-success'>With License</span>",""
"DOH000000000025834","25834","UROLOGY CENTER OF THE PHILIPPINES, INC.","","","","Health Facility","Hospital","Private","","","NO. 62 MAGINOO STREET, DILIMAN","","NATIONAL CAPITAL REGION (NCR)","1300000000","NCR, SECOND DISTRICT (NOT A PROVINCE)","1374000000","QUEZON CITY","1381300000","CENTRAL","1381300020","","02-89902373","+63 0289903031","+63 89903035","urologycenterpi@yahoo.com","","","Level 1","16","<b>Licensing Status:</b><br><span class=' btn-success'>With License</span>","12/31/2022"
"DOH000000000032020","32020","VALENZUELA CITICARE MEDICAL CENTER TIMOG HILAGA PROVIDENCE GROUP, INC.","VALENZUELA CITICARE MEDICAL CENTER","","","Health Facility","Hospital","Private","","","KM 14 MACARTHUR HIGHWAY","","NATIONAL CAPITAL REGION (NCR)","1300000000","NCR, THIRD DISTRICT (NOT A PROVINCE)","1375000000","CITY OF VALENZUELA","1381600000","MALINTA","1381600017","1440","+63 028609300","+63 028609331","+63 028609355","valenzuelaciticare@yahoo.com","medrecords@citicare.com.ph","","Level 2","40","<b>Licensing Status:</b><br><span class=' btn-success'>With License</span>",""
"DOH000000000000802","802","VALENZUELA MEDICAL CENTER","","","","Health Facility","Hospital","Government","Department Of Health","","PADRIGAL STREET","","NATIONAL CAPITAL REGION (NCR)","1300000000","NCR, THIRD DISTRICT (NOT A PROVINCE)","1375000000","CITY OF VALENZUELA","1381600000","KARUHATAN","1381600008","","+63 022946711","","+63 022914259","valgen_hosp@yahoo.com","","","Level 3","150","<b>Licensing Status:</b><br><span class=' btn-success'>With License</span>",""
"DOH000000000002911","2911","VETERANS MEMORIAL MEDICAL CENTER","","","","Health Facility","Hospital","Government","Department of National Defense","","NORTH AVENUE, DILIMAN","","NATIONAL CAPITAL REGION (NCR)","1300000000","NCR, SECOND DISTRICT (NOT A PROVINCE)","1374000000","QUEZON CITY","1381300000","BAGONG PAG-ASA","1381300009","2019","+63 029202487","+63 029271250","+63 029262437","veteransmed@gmail.com","","","Level 3","766","<b>Licensing Status:</b><br><span class=' btn-success'>With License</span>",""
"DOH000000000004639","4639","VICTORIANO LUNA MEDICAL CENTER","AFP MEDICAL CENTER","","","Health Facility","Hospital","Government","Department of National Defense","","V. LUNA ROAD","","NATIONAL CAPITAL REGION (NCR)","1300000000","NCR, SECOND DISTRICT (NOT A PROVINCE)","1374000000","QUEZON CITY","1381300000","PINYAHAN","1381300082","1008","+63 024262701","+63 024262714","+63 029211741","registrar.afpmc@gmail.com","himdulmc@gmail.com","","Level 3","1,200","<b>Licensing Status:</b><br><span class=' btn-success'>With License</span>",""
"DOH000000000002872","2872","VILLAROSA HOSPITAL, INC.","VILLAROSA HOSPITAL","","","Health Facility","Hospital","Private","","","11 SALALILLA STREET PROJ 4","","NATIONAL CAPITAL REGION (NCR)","130000000","NCR, SECOND DISTRICT (NOT A PROVINCE)","137400000","QUEZON CITY","138130000","MILAGROSA","1381300067","1109","87741609","+63 0284211281","","villahosp@yahoo.com","","","Level 1","10","<b>Licensing Status:</b><br><span class=' btn-success'>With License</span>","12/31/2023"
"DOH000000000025838","25838","VILLON-TANSINSIN HOSPITAL, INC.","VT MATERNITY HOSPITAL","","","Health Facility","Hospital","Private","","","3 TOYOTA AVENUE, CORNER GUERILLA STREET STO. NINO","","NATIONAL CAPITAL REGION (NCR)","130000000","NCR, SECOND DISTRICT (NOT A PROVINCE)","137400000","CITY OF MARIKINA","138070000","SANTO NI?O","1380700010","","+63 029426669","","","vtmaternityhospital1800@gmail.com","","","Level 1","20","<b>Licensing Status:</b><br><span class=' btn-success'>With License</span>","12/31/2023"
"DOH000000000000806","806","WORD OF HOPE GENERAL HOSPITAL FOUNDATION, INC.","","","","Health Facility","Hospital","Private","","","23 BUENAMAR STREET, BUENAMAR SUBDIVISION","","NATIONAL CAPITAL REGION (NCR)","1300000000","NCR, SECOND DISTRICT (NOT A PROVINCE)","1374000000","QUEZON CITY","1381300000","NOVALICHES PROPER","1381300070","","+63 029301622","09178515790","","hopegeneralhospital@yahoo.com","","","Level 1","30","<b>Licensing Status:</b><br><span class=' btn-success'>With License</span>","12/31/2022"
"DOH000000000005107","5107","WORLD CITI MEDICAL CENTER","","","","Health Facility","Hospital","Private","","","960 AURORA BOULEVARD","","NATIONAL CAPITAL REGION (NCR)","1300000000","NCR, SECOND DISTRICT (NOT A PROVINCE)","1374000000","QUEZON CITY","1381300000","BAGUMBUHAY","1381300007","","+63 029909262","+63 024384585","+63 029138383","","","","Level 3","276","<b>Licensing Status:</b><br><span class=' btn-success'>With License</span>",""
